<?xml version="1.0" encoding="UTF-8"?>
<beans xmlns="http://www.springframework.org/schema/beans" xmlns:xsi="http://www.w3.org/2001/XMLSchema-instance"
	   xmlns:context="http://www.springframework.org/schema/context"
       xsi:schemaLocation="http://www.springframework.org/schema/beans 
                           http://www.springframework.org/schema/beans/spring-beans-2.5.xsd
                           http://www.springframework.org/schema/context
           				   http://www.springframework.org/schema/context/spring-context-2.5.xsd    
                           ">
                           
	<bean id="webServiceTemplate" class="org.springframework.ws.client.core.WebServiceTemplate">
		<property name="interceptors" ref="securityInterceptor" />
	</bean>
	
	<bean id="securityInterceptor" class="org.springframework.ws.soap.security.wss4j.Wss4jSecurityInterceptor">
		<property name="securementActions" value="Encrypt Signature" />

		<!-- crypto s klucmi pre sifrovanie -->
		<property name="securementEncryptionCrypto" ref="crypto" />

		<!-- alias pre certifikat servera v keystore, ktorym sa bude sifrovat sprava iduca na server -->
		<property name="securementEncryptionUser" value="mykey" />
		
		<!--  crypto s privatnym klucom, ktorym sa bude podpisovat sprava -->
		<property name="securementSignatureCrypto" ref="crypto" />

		<!-- alias pre certifikat klienta v keystore, ktorym sa bude podpisovat sprava iduca na server -->		
		<property name="securementUsername" value="robert.novotny@upjs.sk"/>

		<!-- heslo ku privatnemu klucu, ktorym sa bude podpisovat sprava -->
		<property name="securementPassword" value="clientkez" />
		
		<!-- format klientskeho certifikatu: DirectReference vlozi cely klientsky certifikat do spravy -->
		<property name="securementSignatureKeyIdentifier" value="DirectReference"/>
		 
		 <!-- =============================================   -->
		 
		<property name="validationActions" value="Encrypt"/>

		<!-- crypto s privatnym klucom klienta, ktorym budeme desifrovat spravy -->
		<property name="validationDecryptionCrypto" ref="crypto"/>
		
		<!-- handler, ktory vrati heslo ku privatnemu klucu -->
    	<property name="validationCallbackHandler" ref="keyStoreCallbackHandler" />
	</bean>
	

	<bean id="crypto" class="org.springframework.ws.soap.security.wss4j.support.CryptoFactoryBean">
		<property name="keyStoreLocation" value="classpath:robert-novotny-upjs-sk.jks" />
		<property name="keyStorePassword" value="clientkezstore" />
	</bean>
	

	<!-- To decrypt messages with an embedded encypted symmetric key ( xenc:EncryptedKey element), validationDecryptionCrypto 
	needs to point to a keystore containing the decryption private key. Additionally, 
	validationCallbackHandler has to be injected with a KeyStoreCallbackHandler specifying the key's password: 
	-->
    <bean id="keyStoreCallbackHandler" class="org.springframework.ws.soap.security.wss4j.callback.KeyStoreCallbackHandler">    	    
       	<property name="privateKeyPassword" value="clientkez"/>
   	</bean>

</beans>