<?xml version="1.0" encoding="UTF-8"?>
<beans xmlns="http://www.springframework.org/schema/beans" xmlns:xsi="http://www.w3.org/2001/XMLSchema-instance"
	   xmlns:context="http://www.springframework.org/schema/context"
       xsi:schemaLocation="http://www.springframework.org/schema/beans 
                           http://www.springframework.org/schema/beans/spring-beans-2.5.xsd
                           http://www.springframework.org/schema/context
           				   http://www.springframework.org/schema/context/spring-context-2.5.xsd
                           ">
	
	<bean id="movieReservationEndpoint" class="sk.novotnyr.movies.ws.MovieReservationEndPoint" />

	<bean class="org.springframework.ws.soap.server.endpoint.mapping.SoapActionEndpointMapping">
	    <property name="interceptors">
    	    <ref local="securityInterceptor"/>
	    </property>
	    <property name="mappings">
	    	<props>
	    		<prop key="http://movies/movieReservation">movieReservationEndpoint</prop>
			</props>
		</property>
	</bean>

   	<bean id="crypto" class="org.springframework.ws.soap.security.wss4j.support.CryptoFactoryBean">
       	<property name="keyStorePassword" value="kezstore"/>
       	<property name="keyStoreLocation" value="classpath:movie-service.jks" />
   	</bean>	

	<bean id="securityInterceptor" class="org.springframework.ws.soap.security.wss4j.Wss4jSecurityInterceptor">
    	<property name="validationActions" value="Encrypt Signature"/>
    	
    	<!-- crypto na privatny kluc, ktorym sa budu desifrovat spravy od klienta -->
    	<property name="validationDecryptionCrypto" ref="crypto" />

	    <!-- crypto na overenie certifikatu klienta -->	    
	    <property name="validationSignatureCrypto" ref="crypto" />

		
		<!-- handler poskytujuci heslo pre privatny kluc servera -->
	    <property name="validationCallbackHandler" ref="keystoreCallbackHandler" />
		
		<!-- =============================================   -->

	    <property name="securementActions" value="Encrypt"/>
	    <!--  crypto z ktoreho sa zoberie klientsky certifikat, ktorym  sa zasifruje odpoved klientovi
	          V tomto pripade nam ho netreba, sifrovat sa bude tym, co prislo od klienta
	    
		    <property name="securementEncryptionCrypto" ref="crypto"/>
	     -->
	    <!-- alias pre public key certifikat v keystore, ktorym sa bude sifrovat sprava iduca klientovi
	         v tomto pripade pouzivame magicku konstantu WSHandlerConstants.USE_REQ_SIG_CERT
	         urcujucu, ze certifikat na sifrovanie sa vezme zo prichadzajucej spravy.
	         Vid WSHandler#handleSpecialUser() -->
	    <property name="securementEncryptionUser" value="useReqSigCert" />
	    
	</bean>
      		    
	
	<!-- To decrypt messages with an embedded encypted symmetric key ( xenc:EncryptedKey element), validationDecryptionCrypto 
		 needs to point to a keystore containing the decryption private key. Additionally, 
		 validationCallbackHandler has to be injected with a KeyStoreCallbackHandler specifying the key's password: 
	-->
    <bean id="keystoreCallbackHandler" class="org.springframework.ws.soap.security.wss4j.callback.KeyStoreCallbackHandler">
    	<!-- heslo pre privatny kluc, ktorym sa bude overovat podpis -->
        <property name="privateKeyPassword" value="kezkezkez"/>
    </bean>

</beans>